app_id,app_name,file_name
"e33ba0dd-c284-4f66-bcdb-1f811829f4c8","qvdjs QVD verification","qvdjs QVD verification_e33ba0dd-c284-4f66-bcdb-1f811829f4c8.qvs"
"deba4bcf-47e4-472e-97b2-4fe8d6498e11","Always failing reload (no delay)","Always failing reload (no delay)_deba4bcf-47e4-472e-97b2-4fe8d6498e11.qvs"
"3242f03a-079d-4125-bef2-7b65c9e96231","NYC parking tickets","NYC parking tickets_3242f03a-079d-4125-bef2-7b65c9e96231.qvs"
"27b6393e-cd61-42e6-a56e-03c087e3d19f","Synt key","Synt key_27b6393e-cd61-42e6-a56e-03c087e3d19f.qvs"
"3a6c9a53-cb8d-42f3-a8ee-c083c1f8ed8e","Test data - Kickstarter","Test data - Kickstarter_3a6c9a53-cb8d-42f3-a8ee-c083c1f8ed8e.qvs"
"64d517ac-8f83-491f-9d2f-c12eb588fc89","DTA_Parking tickets by city","DTA_Parking tickets by city_64d517ac-8f83-491f-9d2f-c12eb588fc89.qvs"
"e9d2f9b2-b598-480e-b84f-4c5d34467f6f","Performance review_2022-03-28","Performance review_2022-03-28_e9d2f9b2-b598-480e-b84f-4c5d34467f6f.qvs"
"a6bfc931-4109-4720-b0ee-eddc34b4d26a","NYT comments","NYT comments_a6bfc931-4109-4720-b0ee-eddc34b4d26a.qvs"
"c840670c-7178-4a5e-8409-ba2da69127e2","Meetup.com","Meetup.com_c840670c-7178-4a5e-8409-ba2da69127e2.qvs"
